{
  "total_fixtures": 6861,
  "predictions_generated": 560,
  "features_loaded": 560,
  "feature_loading_failures": 0,
  "high_probability_matches": 62,
  "processing_time": 3.6682558059692383,
  "timestamp": "2025-09-03T00:31:02.645267",
  "leagues_processed": [
    181,
    203,
    204,
    205,
    206,
    207,
    208,
    209,
    210,
    211,
    212,
    213,
    214,
    215,
    216,
    219,
    221,
    222,
    223,
    224,
    225,
    228,
    229,
    232,
    235,
    236,
    240,
    241,
    242,
    244,
    245,
    246,
    247,
    248,
    250,
    251,
    311,
    312,
    316,
    317,
    318,
    319,
    323
  ]
}