team_id,team_name,win_rate,wins,total_matches
3604,Zira,0.8571428571428571,6,7
2947,Qarabag,0.8571428571428571,6,7
